patient_id,referral_date,account_created,guide_started,guide_completed,guide_signed
P001,2025-01-26,2025-01-28,2025-01-31,2025-01-31,2025-01-31
P002,2025-01-26,2025-01-30,2025-02-01,2025-02-05,2025-02-05
P003,2025-01-06,2025-01-07,2025-01-11,,
P004,2025-01-12,2025-01-13,2025-01-16,,
P005,2025-01-05,,,,
P006,2025-01-09,2025-01-11,2025-01-11,2025-01-14,2025-01-15
P007,2025-01-21,2025-01-21,2025-01-22,,
P008,2025-01-03,2025-01-06,2025-01-10,,
P009,2025-01-09,2025-01-12,2025-01-14,,
P010,2025-01-05,2025-01-06,2025-01-09,2025-01-10,
P011,2025-01-08,2025-01-10,2025-01-14,2025-01-14,
P012,2025-01-01,2025-01-02,2025-01-06,2025-01-08,2025-01-09
P013,2025-01-06,2025-01-08,2025-01-09,,
P014,2025-01-15,2025-01-15,2025-01-18,2025-01-20,2025-01-21
P015,2025-01-25,2025-01-29,2025-01-31,2025-02-03,2025-02-04
P016,2025-01-05,2025-01-05,2025-01-09,,
P017,2025-01-04,2025-01-07,2025-01-11,2025-01-15,
P018,2025-01-12,2025-01-14,2025-01-16,2025-01-19,2025-01-21
P019,2025-01-05,2025-01-06,2025-01-07,2025-01-10,2025-01-11
P020,2025-01-18,2025-01-21,2025-01-23,2025-01-26,2025-01-26
P021,2025-01-24,,,,
P022,2025-01-10,2025-01-11,2025-01-11,2025-01-15,
P023,2025-01-09,2025-01-09,2025-01-13,2025-01-16,
P024,2025-01-25,2025-01-27,2025-01-31,2025-02-04,
P025,2025-01-20,2025-01-21,2025-01-21,,
P026,2025-01-20,2025-01-22,2025-01-23,2025-01-25,2025-01-25
P027,2025-01-11,,,,
P028,2025-01-27,,,,
P029,2025-01-24,2025-01-27,2025-01-31,2025-01-31,2025-02-02
P030,2025-01-22,2025-01-23,2025-01-27,2025-01-27,2025-01-27
P031,2025-01-20,2025-01-23,2025-01-27,,
P032,2025-01-07,2025-01-11,2025-01-13,,
P033,2025-01-19,2025-01-23,2025-01-23,,
P034,2025-01-30,2025-02-01,2025-02-02,,
P035,2025-01-19,2025-01-20,2025-01-23,2025-01-25,
P036,2025-01-01,2025-01-03,2025-01-04,,
P037,2025-01-14,2025-01-14,2025-01-17,2025-01-21,
P038,2025-01-25,2025-01-27,2025-01-31,2025-01-31,2025-02-02
P039,2025-01-19,2025-01-20,2025-01-22,,
P040,2025-01-14,2025-01-16,2025-01-19,2025-01-23,
P041,2025-01-23,2025-01-24,2025-01-24,,
P042,2025-01-19,,,,
P043,2025-01-19,2025-01-22,2025-01-23,2025-01-27,
P044,2025-01-10,2025-01-12,2025-01-15,2025-01-19,
P045,2025-01-30,2025-02-03,2025-02-06,,
P046,2025-01-26,2025-01-26,2025-01-27,2025-01-29,2025-01-29
P047,2025-01-18,,,,
P048,2025-01-14,2025-01-15,2025-01-19,2025-01-19,
P049,2025-01-11,2025-01-12,2025-01-13,2025-01-14,
P050,2025-01-11,2025-01-15,2025-01-16,2025-01-17,2025-01-17
